Impact,Cumulative Return,Average Daily Return,Standard Deviation of Daily Returns,Sharpe Ratio,Final Portfolio Value,Trade Count,,Impact,0,0.01,0.02,0.03
0,2.2255,0.002359803,0.008215772,4.559609232,322550,224,,Cumulative Return,2.2255,1.411326,0.534482,0.194402
0.01,1.411326,0.001779901,0.008039396,3.514573765,241132.6,199,,Average Daily Return,0.002359803,0.001779901,0.000896126,0.000400607
0.02,0.534482,0.000896126,0.009661923,1.472331573,153448.2,164,,Standard Deviation of Daily Returns,0.008215772,0.008039396,0.009661923,0.009878535
0.03,0.194402,0.000400607,0.009878535,0.643762768,119440.2,127,,Sharpe Ratio,4.559609232,3.514573765,1.472331573,0.643762768
,,,,,,,,Final Portfolio Value,322550,241132.6,153448.2,119440.2
,,,,,,,,Trade Count,224,199,164,127